-- MariaDB dump 10.17  Distrib 10.4.10-MariaDB, for Win64 (AMD64)
--
-- Host: localhost    Database: despoina
-- ------------------------------------------------------
-- Server version	10.4.10-MariaDB

/*!40101 SET @OLD_CHARACTER_SET_CLIENT=@@CHARACTER_SET_CLIENT */;
/*!40101 SET @OLD_CHARACTER_SET_RESULTS=@@CHARACTER_SET_RESULTS */;
/*!40101 SET @OLD_COLLATION_CONNECTION=@@COLLATION_CONNECTION */;
/*!40101 SET NAMES utf8mb4 */;
/*!40103 SET @OLD_TIME_ZONE=@@TIME_ZONE */;
/*!40103 SET TIME_ZONE='+00:00' */;
/*!40014 SET @OLD_UNIQUE_CHECKS=@@UNIQUE_CHECKS, UNIQUE_CHECKS=0 */;
/*!40014 SET @OLD_FOREIGN_KEY_CHECKS=@@FOREIGN_KEY_CHECKS, FOREIGN_KEY_CHECKS=0 */;
/*!40101 SET @OLD_SQL_MODE=@@SQL_MODE, SQL_MODE='NO_AUTO_VALUE_ON_ZERO' */;
/*!40111 SET @OLD_SQL_NOTES=@@SQL_NOTES, SQL_NOTES=0 */;

--
-- Table structure for table `courses`
--

DROP TABLE IF EXISTS `courses`;
/*!40101 SET @saved_cs_client     = @@character_set_client */;
/*!40101 SET character_set_client = utf8 */;
CREATE TABLE `courses` (
  `id` int(11) NOT NULL AUTO_INCREMENT,
  `id_user` int(11) NOT NULL,
  `title` varchar(50) NOT NULL,
  `type` varchar(50) NOT NULL,
  `description` varchar(50) DEFAULT NULL,
  `semester` int(11) NOT NULL,
  `ECTS` int(11) NOT NULL,
  PRIMARY KEY (`id`),
  KEY `user_courses` (`id_user`),
  CONSTRAINT `user_courses` FOREIGN KEY (`id_user`) REFERENCES `users` (`id`) ON UPDATE CASCADE
) ENGINE=InnoDB AUTO_INCREMENT=20 DEFAULT CHARSET=utf8mb4;
/*!40101 SET character_set_client = @saved_cs_client */;

--
-- Dumping data for table `courses`
--

LOCK TABLES `courses` WRITE;
/*!40000 ALTER TABLE `courses` DISABLE KEYS */;
INSERT INTO `courses` VALUES (14,24,'Αλληλεπίδραση Ανθρώπου-Μηχανής','Υποχρεωτικό','Άνθρωπος και Μηχανή ',1,5),(19,57,'Εκπαιδευτικός Σχεδιασμός','Υποχρεωτικό','Σχεδίαση',1,5);
/*!40000 ALTER TABLE `courses` ENABLE KEYS */;
UNLOCK TABLES;

--
-- Table structure for table `enrollment`
--

DROP TABLE IF EXISTS `enrollment`;
/*!40101 SET @saved_cs_client     = @@character_set_client */;
/*!40101 SET character_set_client = utf8 */;
CREATE TABLE `enrollment` (
  `id` int(11) NOT NULL AUTO_INCREMENT,
  `id_user` int(11) NOT NULL,
  `id_lesson` int(11) NOT NULL,
  `status` varchar(20) NOT NULL,
  `degree` int(11) NOT NULL,
  PRIMARY KEY (`id`),
  KEY `enroll_course` (`id_lesson`),
  KEY `enroll_user` (`id_user`),
  CONSTRAINT `enroll_course` FOREIGN KEY (`id_lesson`) REFERENCES `courses` (`id`) ON DELETE CASCADE ON UPDATE CASCADE,
  CONSTRAINT `enroll_user` FOREIGN KEY (`id_user`) REFERENCES `users` (`id`) ON DELETE CASCADE ON UPDATE CASCADE
) ENGINE=InnoDB AUTO_INCREMENT=4 DEFAULT CHARSET=utf8mb4;
/*!40101 SET character_set_client = @saved_cs_client */;

--
-- Dumping data for table `enrollment`
--

LOCK TABLES `enrollment` WRITE;
/*!40000 ALTER TABLE `enrollment` DISABLE KEYS */;
INSERT INTO `enrollment` VALUES (1,65,14,'Εγγεγραμμένος',10),(2,65,19,'Εγγεγραμμένος',10),(3,67,14,'Εγγεγραμμένος',10);
/*!40000 ALTER TABLE `enrollment` ENABLE KEYS */;
UNLOCK TABLES;

--
-- Table structure for table `role`
--

DROP TABLE IF EXISTS `role`;
/*!40101 SET @saved_cs_client     = @@character_set_client */;
/*!40101 SET character_set_client = utf8 */;
CREATE TABLE `role` (
  `id` int(11) NOT NULL AUTO_INCREMENT,
  `category` varchar(20) NOT NULL,
  PRIMARY KEY (`id`)
) ENGINE=InnoDB AUTO_INCREMENT=4 DEFAULT CHARSET=utf8mb4;
/*!40101 SET character_set_client = @saved_cs_client */;

--
-- Dumping data for table `role`
--

LOCK TABLES `role` WRITE;
/*!40000 ALTER TABLE `role` DISABLE KEYS */;
INSERT INTO `role` VALUES (1,'Γραμματέας'),(2,'Καθηγητής'),(3,'Φοιτητής');
/*!40000 ALTER TABLE `role` ENABLE KEYS */;
UNLOCK TABLES;

--
-- Table structure for table `semester`
--

DROP TABLE IF EXISTS `semester`;
/*!40101 SET @saved_cs_client     = @@character_set_client */;
/*!40101 SET character_set_client = utf8 */;
CREATE TABLE `semester` (
  `id` int(11) NOT NULL AUTO_INCREMENT,
  `id_user` int(11) NOT NULL,
  `semester` int(11) NOT NULL,
  PRIMARY KEY (`id`)
) ENGINE=InnoDB AUTO_INCREMENT=5 DEFAULT CHARSET=utf8mb4;
/*!40101 SET character_set_client = @saved_cs_client */;

--
-- Dumping data for table `semester`
--

LOCK TABLES `semester` WRITE;
/*!40000 ALTER TABLE `semester` DISABLE KEYS */;
INSERT INTO `semester` VALUES (1,66,1),(2,0,0),(3,1,1),(4,1,2);
/*!40000 ALTER TABLE `semester` ENABLE KEYS */;
UNLOCK TABLES;

--
-- Table structure for table `users`
--

DROP TABLE IF EXISTS `users`;
/*!40101 SET @saved_cs_client     = @@character_set_client */;
/*!40101 SET character_set_client = utf8 */;
CREATE TABLE `users` (
  `id` int(11) NOT NULL AUTO_INCREMENT,
  `name` varchar(20) NOT NULL,
  `surname` varchar(20) NOT NULL,
  `email` varchar(20) NOT NULL,
  `password` varchar(15) NOT NULL,
  `role` int(11) NOT NULL,
  `mobile_num` varchar(14) DEFAULT NULL,
  `address` varchar(20) DEFAULT NULL,
  `date_of_birth` date DEFAULT NULL,
  `first_registration` date DEFAULT NULL,
  `regist_num` varchar(20) NOT NULL,
  `semester_id` int(11) DEFAULT NULL,
  PRIMARY KEY (`id`),
  KEY `role_user` (`role`),
  CONSTRAINT `role_user` FOREIGN KEY (`role`) REFERENCES `role` (`id`) ON UPDATE CASCADE
) ENGINE=InnoDB AUTO_INCREMENT=71 DEFAULT CHARSET=utf8mb4;
/*!40101 SET character_set_client = @saved_cs_client */;

--
-- Dumping data for table `users`
--

LOCK TABLES `users` WRITE;
/*!40000 ALTER TABLE `users` DISABLE KEYS */;
INSERT INTO `users` VALUES (1,'Δέσποινα','Αλεξιάδου','depoula@gmail.com','desp1410',1,'6974565284','Areos','1977-10-14','2015-09-10','118843',3),(24,'Συμέων','Ρετάλης','retal@gmail.com','retal123',2,'6974582123','Παπαδάκη 5','1970-12-25','2000-09-18','114789',NULL),(57,'Δημήτριος','Σαμψών','sampson@unipi.gr','samps254',2,'','','0000-00-00','0000-00-00','',NULL),(61,'Φωτεινή','Παρασκευά','fparaske@unipi.gr','fpar456',2,'','','0000-00-00','0000-00-00','',NULL),(63,'Κωνσταντίνα','Μέλλιου','melliou@gmail.com','melli896',2,'','','0000-00-00','0000-00-00','',NULL),(64,'Αριάδνη','Παναγοπούλου','ariad@gmail.com','ariad478',1,'6978527894','Ταξιάρχη 6','1995-05-23','2004-11-17','11589',NULL),(65,'Στέφανος','Βελισσαρίου','stef@gmail.com','stef78954',3,'','','0000-00-00','0000-00-00','',NULL),(66,'Αλέξανδρος','Βελισσαρίου','alex@gmail.com','alex4536',3,'','','0000-00-00','0000-00-00','',NULL),(67,'Ευθύμιος','Θεοτοκάτος','eyth@gmail.com','eythi4587',3,'','','0000-00-00','0000-00-00','',NULL),(68,'Δημήτριος','Αλεξανδρίδης','dimitr@gmail.com','dimitri1984',3,'','','0000-00-00','0000-00-00','',NULL),(69,'Ειρήνη','Βασιλειάδου','irene@gmail.com','irvasil9874',3,'','','0000-00-00','0000-00-00','',NULL),(70,'Ιωάννης','Ιωαννίδης','johnio@gmail.com','john45632',3,'','','0000-00-00','0000-00-00','',NULL);
/*!40000 ALTER TABLE `users` ENABLE KEYS */;
UNLOCK TABLES;
/*!50003 SET @saved_cs_client      = @@character_set_client */ ;
/*!50003 SET @saved_cs_results     = @@character_set_results */ ;
/*!50003 SET @saved_col_connection = @@collation_connection */ ;
/*!50003 SET character_set_client  = utf8mb4 */ ;
/*!50003 SET character_set_results = utf8mb4 */ ;
/*!50003 SET collation_connection  = utf8mb4_general_ci */ ;
/*!50003 SET @saved_sql_mode       = @@sql_mode */ ;
/*!50003 SET sql_mode              = 'STRICT_TRANS_TABLES,ERROR_FOR_DIVISION_BY_ZERO,NO_AUTO_CREATE_USER,NO_ENGINE_SUBSTITUTION' */ ;
DELIMITER ;;
/*!50003 CREATE*/ /*!50017 DEFINER=`root`@`localhost`*/ /*!50003 TRIGGER `despoina`.`users_BEFORE_UPDATE` BEFORE UPDATE ON `users` FOR EACH ROW
BEGIN

    
	insert into semester (id_user, semester) values(old.id, old.semester_id);
END */;;
DELIMITER ;
/*!50003 SET sql_mode              = @saved_sql_mode */ ;
/*!50003 SET character_set_client  = @saved_cs_client */ ;
/*!50003 SET character_set_results = @saved_cs_results */ ;
/*!50003 SET collation_connection  = @saved_col_connection */ ;
/*!40103 SET TIME_ZONE=@OLD_TIME_ZONE */;

/*!40101 SET SQL_MODE=@OLD_SQL_MODE */;
/*!40014 SET FOREIGN_KEY_CHECKS=@OLD_FOREIGN_KEY_CHECKS */;
/*!40014 SET UNIQUE_CHECKS=@OLD_UNIQUE_CHECKS */;
/*!40101 SET CHARACTER_SET_CLIENT=@OLD_CHARACTER_SET_CLIENT */;
/*!40101 SET CHARACTER_SET_RESULTS=@OLD_CHARACTER_SET_RESULTS */;
/*!40101 SET COLLATION_CONNECTION=@OLD_COLLATION_CONNECTION */;
/*!40111 SET SQL_NOTES=@OLD_SQL_NOTES */;

-- Dump completed on 2021-08-31  5:38:23
